<?xml version="1.0" encoding="UTF-8"?>
<deegreeWFS configVersion="3.4.0" xmlns="http://www.deegree.org/services/wfs" xmlns:xsi="http://www.w3.org/2001/XMLSchema-instance"
  xsi:schemaLocation="http://www.deegree.org/services/wfs http://schemas.deegree.org/services/wfs/3.4.0/wfs_configuration.xsd">

  <SupportedVersions>
    <Version>2.0.0</Version>
  </SupportedVersions>

  <!-- Add here the list of FeatureStores following the naming convention <featureStoreId>.xml -->
  <FeatureStoreId>cp_blob</FeatureStoreId>

  <EnableTransactions>true</EnableTransactions>

  <QueryCRS>urn:ogc:def:crs:EPSG::4326</QueryCRS>
  <QueryCRS>urn:ogc:def:crs:EPSG::4258</QueryCRS>

  <!-- Required for WFS 1.1.0/GML 3.2 output with gml:FeatureCollection root element (as mandated by ESDIN) -->
  <GMLFormat gmlVersion="GML_32">
    <MimeType>application/gml+xml; version=3.2</MimeType>
    <MimeType>text/xml; subtype=gml/3.2.1</MimeType>
    <GetFeatureResponse>
      <AdditionalSchemaLocation>http://www.opengis.net/gml/3.2 http://schemas.opengis.net/gml/3.2.1/deprecatedTypes.xsd</AdditionalSchemaLocation>
      <DisableDynamicSchema>true</DisableDynamicSchema>
      <DisableStreaming>true</DisableStreaming>
    </GetFeatureResponse>
  </GMLFormat>

</deegreeWFS>