<?xml version='1.0' encoding='UTF-8'?>
<DataSourceConnectionProvider configVersion="3.4.0"
                              xmlns="http://www.deegree.org/connectionprovider/datasource"
                              xmlns:xsi="http://www.w3.org/2001/XMLSchema-instance"
                              xsi:schemaLocation="http://www.deegree.org/connectionprovider/datasource http://schemas.deegree.org/jdbc/datasource/3.4.0/datasource.xsd">

    <!-- Creation / lookup of javax.sql.DataSource instance -->
    <DataSource javaClass="org.apache.commons.dbcp.BasicDataSource"/>

    <!-- Configuration of DataSource properties -->
    <Property name="driverClassName" value="org.postgresql.Driver"/>
    <Property name="url" value="jdbc:postgresql://db:5432/ps_canonical"/>
    <Property name="username" value="deegree"/>
    <Property name="password" value="deegree"/>
    <Property name="initialSize" value="10"/>
    <Property name="maxActive" value="20"/>
    <Property name="maxIdle" value="10"/>
    <Property name="maxWait" value="5000"/>
    <Property name="defaultReadOnly" value="false"/>
    <Property name="testOnReturn" value="true"/>
    <Property name="testOnBorrow" value="true"/>
    <Property name="validationQuery" value="select version(), PostGIS_full_version()"/>

</DataSourceConnectionProvider>
