<SQLFeatureStore configVersion="3.4.0" xmlns="http://www.deegree.org/datasource/feature/sql"
                 xmlns:gml="http://www.opengis.net/gml/3.2"
                 xmlns:base="http://inspire.ec.europa.eu/schemas/base/3.3"
                 xmlns:gn="http://inspire.ec.europa.eu/schemas/gn/4.0"
                 xmlns:ps="http://inspire.ec.europa.eu/schemas/ps/4.0"
                 xmlns:xlink="http://www.w3.org/1999/xlink"
                 xmlns:xsi="http://www.w3.org/2001/XMLSchema-instance"
                 xsi:schemaLocation="http://www.deegree.org/datasource/feature/sql http://schemas.deegree.org/datasource/feature/sql/3.4.0/sql.xsd">
    <JDBCConnId>postgresDS_canonical</JDBCConnId>
    <StorageCRS srid="0" dim="2D">EPSG:4326</StorageCRS>
    <GMLSchema>../../appschemas/ProtectedSites.xsd</GMLSchema>
    <!-- To use a different schema add the schema name to the table attribute, e.g. ps_canonical.namedplace, default is public -->
    <FeatureTypeMapping name="gn:NamedPlace" table="namedplace">
        <FIDMapping prefix="GN_NAMEDPLACE_">
            <Column name="gid" type="integer"/>
            <AutoIdGenerator/>
        </FIDMapping>
        <Complex path="gml:identifier">
            <Primitive path="text()" mapping="identifier"/>
            <Primitive path="@codeSpace" mapping="identifier_attr_codespace"/>
        </Complex>
        <Complex path="gn:beginLifespanVersion">
            <Primitive path="text()" mapping="beginlifespanversion"/>
            <Primitive path="@nilReason" mapping="beginlifespanversion_attr_nilreason"/>
            <Primitive path="@xsi:nil" mapping="beginlifespanversion_attr_nil"/>
        </Complex>
        <Complex path="gn:endLifespanVersion">
            <Primitive path="text()" mapping="endlifespanversion"/>
            <Primitive path="@nilReason" mapping="endlifespanversion_attr_nilreason"/>
            <Primitive path="@xsi:nil" mapping="endlifespanversion_attr_nil"/>
        </Complex>
        <Complex path="gn:geometry">
            <Primitive path="@nilReason" mapping="geometry_attr_nilreason"/>
            <Primitive path="@gml:remoteSchema" mapping="geometry_attr_remoteschema"/>
            <Primitive path="@owns" mapping="geometry_attr_owns"/>
            <Geometry path="." mapping="geometry_value"/>
        </Complex>
        <Complex path="gn:inspireId">
            <Complex path="base:Identifier">
                <Primitive path="base:localId" mapping="inspireid_identifier_localid"/>
                <Primitive path="base:namespace" mapping="inspireid_identifier_namespace"/>
                <Complex path="base:versionId">
                    <Primitive path="text()" mapping="inspireid_identifier_versionid"/>
                    <Primitive path="@nilReason" mapping="inspireid_identifier_versionid_attr_nilreason"/>
                    <Primitive path="@xsi:nil" mapping="inspireid_identifier_versionid_attr_nil"/>
                </Complex>
            </Complex>
        </Complex>
        <Complex path="gn:leastDetailedViewingResolution">
            <Primitive path="@nilReason" mapping="leastdetailedviewingresolution_attr_nilreason"/>
            <Primitive path="@owns" mapping="leastdetailedviewingresolution_attr_owns"/>
            <Primitive path="@xsi:nil" mapping="leastdetailedviewingresolution_attr_nil"/>
            <Complex path="gmd:MD_Resolution">
                <Complex path="gmd:equivalentScale">
                    <Primitive path="@xlink:type" mapping="leastdetailedviewingresolution_md_resolution_equivalentsc_23"/>
                    <Primitive path="@xlink:href" mapping="leastdetailedviewingresolution_md_resolution_equivalentsc_24"/>
                    <Primitive path="@xlink:role" mapping="leastdetailedviewingresolution_md_resolution_equivalentsc_25"/>
                    <Primitive path="@xlink:arcrole" mapping="leastdetailedviewingresolution_md_resolution_equivalentsc_26"/>
                    <Primitive path="@xlink:title" mapping="leastdetailedviewingresolution_md_resolution_equivalentsc_27"/>
                    <Primitive path="@xlink:show" mapping="leastdetailedviewingresolution_md_resolution_equivalentsc_28"/>
                    <Primitive path="@xlink:actuate" mapping="leastdetailedviewingresolution_md_resolution_equivalentsc_29"/>
                    <Primitive path="@uuidref" mapping="leastdetailedviewingresolution_md_resolution_equivalentsc_30"/>
                    <Primitive path="@gco:nilReason" mapping="leastdetailedviewingresolution_md_resolution_equivalentsc_31"/>
                    <Complex path="gmd:MD_RepresentativeFraction">
                        <Primitive path="@id" mapping="leastdetailedviewingresolution_md_resolution_equivalentsc_33"/>
                        <Primitive path="@uuid" mapping="leastdetailedviewingresolution_md_resolution_equivalentsc_34"/>
                        <Complex path="gmd:denominator">
                            <Primitive path="@gco:nilReason" mapping="leastdetailedviewingresolution_md_resolution_equivalentsc_36"/>
                            <Primitive path="gco:Integer" mapping="leastdetailedviewingresolution_md_resolution_equivalentsc_37"/>
                        </Complex>
                    </Complex>
                </Complex>
                <Complex path="gmd:distance">
                    <Primitive path="@gco:nilReason" mapping="leastdetailedviewingresolution_md_resolution_distance_att_38"/>
                    <Complex path="gco:Distance">
                        <Primitive path="text()" mapping="leastdetailedviewingresolution_md_resolution_distance_distance"/>
                        <Primitive path="@uom" mapping="leastdetailedviewingresolution_md_resolution_distance_dis_39"/>
                    </Complex>
                </Complex>
            </Complex>
        </Complex>
        <Complex path="gn:localType">
            <Join table="namedplace_localtype" fromColumns="gid" toColumns="parentfk" orderColumns="num" numbered="true"/>
            <Primitive path="@xlink:type" mapping="attr_type"/>
            <Primitive path="@xlink:href" mapping="attr_href"/>
            <Primitive path="@xlink:role" mapping="attr_role"/>
            <Primitive path="@xlink:arcrole" mapping="attr_arcrole"/>
            <Primitive path="@xlink:title" mapping="attr_title"/>
            <Primitive path="@xlink:show" mapping="attr_show"/>
            <Primitive path="@xlink:actuate" mapping="attr_actuate"/>
            <Primitive path="@uuidref" mapping="attr_uuidref"/>
            <Primitive path="@gco:nilReason" mapping="attr_nilreason"/>
            <Primitive path="@xsi:nil" mapping="attr_nil"/>
            <Complex path="gmd:LocalisedCharacterString">
                <Primitive path="text()" mapping="localisedcharacterstring"/>
                <Primitive path="@id" mapping="localisedcharacterstring_attr_id"/>
                <Primitive path="@locale" mapping="localisedcharacterstring_attr_locale"/>
            </Complex>
        </Complex>
        <Complex path="gn:mostDetailedViewingResolution">
            <Primitive path="@nilReason" mapping="mostdetailedviewingresolution_attr_nilreason"/>
            <Primitive path="@owns" mapping="mostdetailedviewingresolution_attr_owns"/>
            <Primitive path="@xsi:nil" mapping="mostdetailedviewingresolution_attr_nil"/>
            <Complex path="gmd:MD_Resolution">
                <Complex path="gmd:equivalentScale">
                    <Primitive path="@xlink:type" mapping="mostdetailedviewingresolution_md_resolution_equivalentsca_40"/>
                    <Primitive path="@xlink:href" mapping="mostdetailedviewingresolution_md_resolution_equivalentsca_41"/>
                    <Primitive path="@xlink:role" mapping="mostdetailedviewingresolution_md_resolution_equivalentsca_42"/>
                    <Primitive path="@xlink:arcrole" mapping="mostdetailedviewingresolution_md_resolution_equivalentsca_43"/>
                    <Primitive path="@xlink:title" mapping="mostdetailedviewingresolution_md_resolution_equivalentsca_44"/>
                    <Primitive path="@xlink:show" mapping="mostdetailedviewingresolution_md_resolution_equivalentsca_45"/>
                    <Primitive path="@xlink:actuate" mapping="mostdetailedviewingresolution_md_resolution_equivalentsca_46"/>
                    <Primitive path="@uuidref" mapping="mostdetailedviewingresolution_md_resolution_equivalentsca_47"/>
                    <Primitive path="@gco:nilReason" mapping="mostdetailedviewingresolution_md_resolution_equivalentsca_48"/>
                    <Complex path="gmd:MD_RepresentativeFraction">
                        <Primitive path="@id" mapping="mostdetailedviewingresolution_md_resolution_equivalentsca_50"/>
                        <Primitive path="@uuid" mapping="mostdetailedviewingresolution_md_resolution_equivalentsca_51"/>
                        <Complex path="gmd:denominator">
                            <Primitive path="@gco:nilReason" mapping="mostdetailedviewingresolution_md_resolution_equivalentsca_53"/>
                            <Primitive path="gco:Integer" mapping="mostdetailedviewingresolution_md_resolution_equivalentsca_54"/>
                        </Complex>
                    </Complex>
                </Complex>
                <Complex path="gmd:distance">
                    <Primitive path="@gco:nilReason" mapping="mostdetailedviewingresolution_md_resolution_distance_attr_55"/>
                    <Complex path="gco:Distance">
                        <Primitive path="text()" mapping="mostdetailedviewingresolution_md_resolution_distance_distance"/>
                        <Primitive path="@uom" mapping="mostdetailedviewingresolution_md_resolution_distance_dist_56"/>
                    </Complex>
                </Complex>
            </Complex>
        </Complex>
        <Complex path="gn:name">
            <Join table="namedplace_name" fromColumns="gid" toColumns="parentfk" orderColumns="num" numbered="true"/>
            <Complex path="gn:GeographicalName">
                <Complex path="gn:language">
                    <Primitive path="text()" mapping="geographicalname_language"/>
                    <Primitive path="@nilReason" mapping="geographicalname_language_attr_nilreason"/>
                    <Primitive path="@xsi:nil" mapping="geographicalname_language_attr_nil"/>
                </Complex>
                <Complex path="gn:nativeness">
                    <Primitive path="@owns" mapping="geographicalname_nativeness_attr_owns"/>
                    <Primitive path="@nilReason" mapping="geographicalname_nativeness_attr_nilreason"/>
                    <Primitive path="@gml:remoteSchema" mapping="geographicalname_nativeness_attr_remoteschema"/>
                    <Primitive path="@xsi:nil" mapping="geographicalname_nativeness_attr_nil"/>
                    <Feature path=".">
                        <Join table="?" fromColumns="geographicalname_nativeness_fk" toColumns="id"/>
                        <Href mapping="geographicalname_nativeness_href"/>
                    </Feature>
                </Complex>
                <Complex path="gn:nameStatus">
                    <Primitive path="@owns" mapping="geographicalname_namestatus_attr_owns"/>
                    <Primitive path="@nilReason" mapping="geographicalname_namestatus_attr_nilreason"/>
                    <Primitive path="@gml:remoteSchema" mapping="geographicalname_namestatus_attr_remoteschema"/>
                    <Primitive path="@xsi:nil" mapping="geographicalname_namestatus_attr_nil"/>
                    <Feature path=".">
                        <Join table="?" fromColumns="geographicalname_namestatus_fk" toColumns="id"/>
                        <Href mapping="geographicalname_namestatus_href"/>
                    </Feature>
                </Complex>
                <Complex path="gn:sourceOfName">
                    <Primitive path="text()" mapping="geographicalname_sourceofname"/>
                    <Primitive path="@nilReason" mapping="geographicalname_sourceofname_attr_nilreason"/>
                    <Primitive path="@xsi:nil" mapping="geographicalname_sourceofname_attr_nil"/>
                </Complex>
                <Complex path="gn:pronunciation">
                    <Primitive path="@nilReason" mapping="geographicalname_pronunciation_attr_nilreason"/>
                    <Primitive path="@xsi:nil" mapping="geographicalname_pronunciation_attr_nil"/>
                    <Complex path="gn:PronunciationOfName">
                        <Complex path="gn:pronunciationSoundLink">
                            <Primitive path="text()" mapping="geographicalname_pronunciation_pronunciationofname_pronun_57"/>
                            <Primitive path="@nilReason" mapping="geographicalname_pronunciation_pronunciationofname_pronun_58"/>
                            <Primitive path="@xsi:nil" mapping="geographicalname_pronunciation_pronunciationofname_pronun_59"/>
                        </Complex>
                        <Complex path="gn:pronunciationIPA">
                            <Primitive path="text()" mapping="geographicalname_pronunciation_pronunciationofname_pronun_60"/>
                            <Primitive path="@nilReason" mapping="geographicalname_pronunciation_pronunciationofname_pronun_61"/>
                            <Primitive path="@xsi:nil" mapping="geographicalname_pronunciation_pronunciationofname_pronun_62"/>
                        </Complex>
                    </Complex>
                </Complex>
                <Complex path="gn:spelling">
                    <Join table="namedplace_name_geographicalname_spelling" fromColumns="id" toColumns="parentfk" orderColumns="num" numbered="true"/>
                    <Complex path="gn:SpellingOfName">
                        <Primitive path="gn:text" mapping="geographicalname_spellingofname_text"/>
                        <Complex path="gn:script">
                            <Primitive path="text()" mapping="geographicalname_spellingofname_script"/>
                            <Primitive path="@nilReason" mapping="geographicalname_spellingofname_script_attr_nilreason"/>
                            <Primitive path="@xsi:nil" mapping="geographicalname_spellingofname_script_attr_nil"/>
                        </Complex>
                        <Complex path="gn:transliterationScheme">
                            <Primitive path="text()" mapping="geographicalname_spellingofname_transliterationscheme"/>
                            <Primitive path="@nilReason" mapping="geographicalname_spellingofname_transliterationscheme_att_63"/>
                            <Primitive path="@xsi:nil" mapping="geographicalname_spellingofname_transliterationscheme_attr_nil"/>
                        </Complex>
                    </Complex>
                </Complex>
                <Complex path="gn:grammaticalGender">
                    <Primitive path="@owns" mapping="geographicalname_grammaticalgender_attr_owns"/>
                    <Primitive path="@nilReason" mapping="geographicalname_grammaticalgender_attr_nilreason"/>
                    <Primitive path="@gml:remoteSchema" mapping="geographicalname_grammaticalgender_attr_remoteschema"/>
                    <Primitive path="@xsi:nil" mapping="geographicalname_grammaticalgender_attr_nil"/>
                    <Feature path=".">
                        <Join table="?" fromColumns="geographicalname_grammaticalgender_fk" toColumns="id"/>
                        <Href mapping="geographicalname_grammaticalgender_href"/>
                    </Feature>
                </Complex>
                <Complex path="gn:grammaticalNumber">
                    <Primitive path="@owns" mapping="geographicalname_grammaticalnumber_attr_owns"/>
                    <Primitive path="@nilReason" mapping="geographicalname_grammaticalnumber_attr_nilreason"/>
                    <Primitive path="@gml:remoteSchema" mapping="geographicalname_grammaticalnumber_attr_remoteschema"/>
                    <Primitive path="@xsi:nil" mapping="geographicalname_grammaticalnumber_attr_nil"/>
                    <Feature path=".">
                        <Join table="?" fromColumns="geographicalname_grammaticalnumber_fk" toColumns="id"/>
                        <Href mapping="geographicalname_grammaticalnumber_href"/>
                    </Feature>
                </Complex>
            </Complex>
        </Complex>
        <Complex path="gn:relatedSpatialObject">
            <Join table="namedplace_relatedspatialobject" fromColumns="gid" toColumns="parentfk" orderColumns="num" numbered="true"/>
            <Primitive path="@nilReason" mapping="attr_nilreason"/>
            <Primitive path="@xsi:nil" mapping="attr_nil"/>
            <Complex path="base:Identifier">
                <Primitive path="base:localId" mapping="identifier_localid"/>
                <Primitive path="base:namespace" mapping="identifier_namespace"/>
                <Complex path="base:versionId">
                    <Primitive path="text()" mapping="identifier_versionid"/>
                    <Primitive path="@nilReason" mapping="identifier_versionid_attr_nilreason"/>
                    <Primitive path="@xsi:nil" mapping="identifier_versionid_attr_nil"/>
                </Complex>
            </Complex>
        </Complex>
        <Complex path="gn:type">
            <Join table="namedplace_type" fromColumns="id" toColumns="parentfk" orderColumns="num" numbered="true"/>
            <Primitive path="@owns" mapping="attr_owns"/>
            <Primitive path="@nilReason" mapping="attr_nilreason"/>
            <Primitive path="@gml:remoteSchema" mapping="attr_remoteschema"/>
            <Primitive path="@xsi:nil" mapping="attr_nil"/>
            <Feature path=".">
                <Join table="?" fromColumns="fk" toColumns="id"/>
                <Href mapping="href"/>
            </Feature>
        </Complex>
    </FeatureTypeMapping>
    <FeatureTypeMapping name="ps:ProtectedSite" table="protectedsite">
        <FIDMapping prefix="PS_PROTECTEDSITE_">
            <Column name="gid" type="integer"/>
            <AutoIdGenerator/>
        </FIDMapping>
        <Complex path="gml:identifier">
            <Primitive path="text()" mapping="identifier"/>
            <Primitive path="@codeSpace" mapping="identifier_attr_codespace"/>
        </Complex>
        <Complex path="ps:geometry">
            <Primitive path="@nilReason" mapping="geometry_attr_nilreason"/>
            <Primitive path="@gml:remoteSchema" mapping="geometry_attr_remoteschema"/>
            <Primitive path="@owns" mapping="geometry_attr_owns"/>
            <Geometry path="." mapping="geometry_value"/>
        </Complex>
        <Complex path="ps:inspireID">
            <Complex path="base:Identifier">
                <Primitive path="base:localId" mapping="inspireid_identifier_localid"/>
                <Primitive path="base:namespace" mapping="inspireid_identifier_namespace"/>
                <Complex path="base:versionId">
                    <Primitive path="text()" mapping="inspireid_identifier_versionid"/>
                    <Primitive path="@nilReason" mapping="inspireid_identifier_versionid_attr_nilreason"/>
                    <Primitive path="@xsi:nil" mapping="inspireid_identifier_versionid_attr_nil"/>
                </Complex>
            </Complex>
        </Complex>
        <Complex path="ps:legalFoundationDate">
            <Primitive path="text()" mapping="legalfoundationdate"/>
            <Primitive path="@nilReason" mapping="legalfoundationdate_attr_nilreason"/>
            <Primitive path="@xsi:nil" mapping="legalfoundationdate_attr_nil"/>
        </Complex>
        <Complex path="ps:siteDesignation">
            <Join table="protectedsite_sitedesignation" fromColumns="gid" toColumns="parentfk" orderColumns="num" numbered="true"/>
            <Primitive path="@nilReason" mapping="attr_nilreason"/>
            <Primitive path="@xsi:nil" mapping="attr_nil"/>
            <Complex path="ps:DesignationType">
                <Complex path="ps:designationScheme">
                    <Primitive path="@owns" mapping="designationtype_designationscheme_attr_owns"/>
                    <Primitive path="@nilReason" mapping="designationtype_designationscheme_attr_nilreason"/>
                    <Primitive path="@gml:remoteSchema" mapping="designationtype_designationscheme_attr_remoteschema"/>
                    <Feature path=".">
                        <Join table="?" fromColumns="designationtype_designationscheme_fk" toColumns="id"/>
                        <Href mapping="designationtype_designationscheme_href"/>
                    </Feature>
                </Complex>
                <Complex path="ps:designation">
                    <Primitive path="@owns" mapping="designationtype_designation_attr_owns"/>
                    <Primitive path="@nilReason" mapping="designationtype_designation_attr_nilreason"/>
                    <Primitive path="@gml:remoteSchema" mapping="designationtype_designation_attr_remoteschema"/>
                    <Feature path=".">
                        <Join table="?" fromColumns="designationtype_designation_fk" toColumns="id"/>
                        <Href mapping="designationtype_designation_href"/>
                    </Feature>
                </Complex>
                <Primitive path="ps:percentageUnderDesignation" mapping="designationtype_percentageunderdesignation"/>
            </Complex>
        </Complex>
        <Complex path="ps:siteName">
            <Join table="protectedsite_sitename" fromColumns="gid" toColumns="parentfk" orderColumns="num" numbered="true"/>
            <Primitive path="@nilReason" mapping="attr_nilreason"/>
            <Primitive path="@xsi:nil" mapping="attr_nil"/>
            <Complex path="gn:GeographicalName">
                <Complex path="gn:language">
                    <Primitive path="text()" mapping="geographicalname_language"/>
                    <Primitive path="@nilReason" mapping="geographicalname_language_attr_nilreason"/>
                    <Primitive path="@xsi:nil" mapping="geographicalname_language_attr_nil"/>
                </Complex>
                <Complex path="gn:nativeness">
                    <Primitive path="@owns" mapping="geographicalname_nativeness_attr_owns"/>
                    <Primitive path="@nilReason" mapping="geographicalname_nativeness_attr_nilreason"/>
                    <Primitive path="@gml:remoteSchema" mapping="geographicalname_nativeness_attr_remoteschema"/>
                    <Primitive path="@xsi:nil" mapping="geographicalname_nativeness_attr_nil"/>
                    <Feature path=".">
                        <Join table="?" fromColumns="geographicalname_nativeness_fk" toColumns="id"/>
                        <Href mapping="geographicalname_nativeness_href"/>
                    </Feature>
                </Complex>
                <Complex path="gn:nameStatus">
                    <Primitive path="@owns" mapping="geographicalname_namestatus_attr_owns"/>
                    <Primitive path="@nilReason" mapping="geographicalname_namestatus_attr_nilreason"/>
                    <Primitive path="@gml:remoteSchema" mapping="geographicalname_namestatus_attr_remoteschema"/>
                    <Primitive path="@xsi:nil" mapping="geographicalname_namestatus_attr_nil"/>
                    <Feature path=".">
                        <Join table="?" fromColumns="geographicalname_namestatus_fk" toColumns="id"/>
                        <Href mapping="geographicalname_namestatus_href"/>
                    </Feature>
                </Complex>
                <Complex path="gn:sourceOfName">
                    <Primitive path="text()" mapping="geographicalname_sourceofname"/>
                    <Primitive path="@nilReason" mapping="geographicalname_sourceofname_attr_nilreason"/>
                    <Primitive path="@xsi:nil" mapping="geographicalname_sourceofname_attr_nil"/>
                </Complex>
                <Complex path="gn:pronunciation">
                    <Primitive path="@nilReason" mapping="geographicalname_pronunciation_attr_nilreason"/>
                    <Primitive path="@xsi:nil" mapping="geographicalname_pronunciation_attr_nil"/>
                    <Complex path="gn:PronunciationOfName">
                        <Complex path="gn:pronunciationSoundLink">
                            <Primitive path="text()" mapping="geographicalname_pronunciation_pronunciationofname_pronun_16"/>
                            <Primitive path="@nilReason" mapping="geographicalname_pronunciation_pronunciationofname_pronun_17"/>
                            <Primitive path="@xsi:nil" mapping="geographicalname_pronunciation_pronunciationofname_pronun_18"/>
                        </Complex>
                        <Complex path="gn:pronunciationIPA">
                            <Primitive path="text()" mapping="geographicalname_pronunciation_pronunciationofname_pronun_19"/>
                            <Primitive path="@nilReason" mapping="geographicalname_pronunciation_pronunciationofname_pronun_20"/>
                            <Primitive path="@xsi:nil" mapping="geographicalname_pronunciation_pronunciationofname_pronun_21"/>
                        </Complex>
                    </Complex>
                </Complex>
                <Complex path="gn:spelling">
                    <Join table="protectedsite_sitename_geographicalname_spelling" fromColumns="id" toColumns="parentfk" orderColumns="num" numbered="true"/>
                    <Complex path="gn:SpellingOfName">
                        <Primitive path="gn:text" mapping="geographicalname_spellingofname_text"/>
                        <Complex path="gn:script">
                            <Primitive path="text()" mapping="geographicalname_spellingofname_script"/>
                            <Primitive path="@nilReason" mapping="geographicalname_spellingofname_script_attr_nilreason"/>
                            <Primitive path="@xsi:nil" mapping="geographicalname_spellingofname_script_attr_nil"/>
                        </Complex>
                        <Complex path="gn:transliterationScheme">
                            <Primitive path="text()" mapping="geographicalname_spellingofname_transliterationscheme"/>
                            <Primitive path="@nilReason" mapping="geographicalname_spellingofname_transliterationscheme_att_22"/>
                            <Primitive path="@xsi:nil" mapping="geographicalname_spellingofname_transliterationscheme_attr_nil"/>
                        </Complex>
                    </Complex>
                </Complex>
                <Complex path="gn:grammaticalGender">
                    <Primitive path="@owns" mapping="geographicalname_grammaticalgender_attr_owns"/>
                    <Primitive path="@nilReason" mapping="geographicalname_grammaticalgender_attr_nilreason"/>
                    <Primitive path="@gml:remoteSchema" mapping="geographicalname_grammaticalgender_attr_remoteschema"/>
                    <Primitive path="@xsi:nil" mapping="geographicalname_grammaticalgender_attr_nil"/>
                    <Feature path=".">
                        <Join table="?" fromColumns="geographicalname_grammaticalgender_fk" toColumns="id"/>
                        <Href mapping="geographicalname_grammaticalgender_href"/>
                    </Feature>
                </Complex>
                <Complex path="gn:grammaticalNumber">
                    <Primitive path="@owns" mapping="geographicalname_grammaticalnumber_attr_owns"/>
                    <Primitive path="@nilReason" mapping="geographicalname_grammaticalnumber_attr_nilreason"/>
                    <Primitive path="@gml:remoteSchema" mapping="geographicalname_grammaticalnumber_attr_remoteschema"/>
                    <Primitive path="@xsi:nil" mapping="geographicalname_grammaticalnumber_attr_nil"/>
                    <Feature path=".">
                        <Join table="?" fromColumns="geographicalname_grammaticalnumber_fk" toColumns="id"/>
                        <Href mapping="geographicalname_grammaticalnumber_href"/>
                    </Feature>
                </Complex>
            </Complex>
        </Complex>
        <Complex path="ps:siteProtectionClassification">
            <Join table="protectedsite_siteprotectionclassification" fromColumns="gid" toColumns="parentfk" orderColumns="num" numbered="true"/>
            <Primitive path="text()" mapping="value"/>
            <Primitive path="@nilReason" mapping="attr_nilreason"/>
            <Primitive path="@xsi:nil" mapping="attr_nil"/>
        </Complex>
    </FeatureTypeMapping>
</SQLFeatureStore>
