<?xml version="1.0" encoding="UTF-8"?>
<deegreeServicesMetadata configVersion="3.4.0" xmlns="http://www.deegree.org/services/metadata"
                         xmlns:ps="http://inspire.ec.europa.eu/schemas/ps/4.0"
                         xmlns:xsi="http://www.w3.org/2001/XMLSchema-instance"
  xsi:schemaLocation="http://www.deegree.org/services/metadata http://schemas.deegree.org/services/metadata/3.4.0/metadata.xsd">

  <ServiceIdentification>
    <Title>INSPIRE Protected Site</Title>
    <Abstract>INSPIRE Direct Access Download Service for Annex I data specification Protected Site</Abstract>
  </ServiceIdentification>

  <ServiceProvider>
    <ProviderName>The deegree project</ProviderName>
    <ProviderSite>http://www.deegree.org</ProviderSite>
    <ServiceContact>
      <IndividualName>John Doe</IndividualName>
      <PositionName>Adminstrator</PositionName>
      <Phone>+49 228/12345-0</Phone>
      <Facsimile>+49 228/12345-99</Facsimile>
      <ElectronicMailAddress>info@deegree.org</ElectronicMailAddress>
      <Address>
        <DeliveryPoint>Street 123</DeliveryPoint>
        <City>Bonn</City>
        <AdministrativeArea>NRW</AdministrativeArea>
        <PostalCode>53177</PostalCode>
        <Country>Germany</Country>
      </Address>
      <OnlineResource>http://www.deegree.org</OnlineResource>
      <HoursOfService>24x7</HoursOfService>
      <ContactInstructions>Do not hesitate to call</ContactInstructions>
      <Role>PointOfContact</Role>
    </ServiceContact>
  </ServiceProvider>

  <DatasetMetadata>
    <MetadataUrlTemplate>http://gdk.gdi-de.org/gdi-de/srv/ger/csw?service=CSW&amp;request=GetRecordById&amp;version=2.0.2&amp;id=${metadataSetId}</MetadataUrlTemplate>
    <Dataset>
      <Name>ps:ProtectedSite</Name>
      <Title>ps:ProtectedSite</Title>
      <Abstract>Harmonized INSPIRE Protected Site (Annex I)</Abstract>
      <MetadataSetId>beefcafe-beef-cafe-beef-cafebeefcaf</MetadataSetId>
    </Dataset>
  </DatasetMetadata>

  <ExtendedCapabilities protocolVersions="2.0.0">
    <inspire_dls:ExtendedCapabilities xmlns:inspire_dls="http://inspire.ec.europa.eu/schemas/inspire_dls/1.0"
      xmlns:inspire_common="http://inspire.ec.europa.eu/schemas/common/1.0"
      xsi:schemaLocation="http://inspire.ec.europa.eu/schemas/common/1.0 http://inspire.ec.europa.eu/schemas/common/1.0/common.xsd http://inspire.ec.europa.eu/schemas/inspire_dls/1.0 http://inspire.ec.europa.eu/schemas/inspire_dls/1.0/inspire_dls.xsd">
      <inspire_common:MetadataUrl>
        <inspire_common:URL>http://gdk.gdi-de.org/gdi-de/srv/ger/csw?service=CSW&amp;request=GetRecordById&amp;version=2.0.2&amp;id=eea97fc0-8291-11e1-afa6-0800200c9a66</inspire_common:URL>
        <inspire_common:MediaType>application/vnd.iso.19139+xml</inspire_common:MediaType>
      </inspire_common:MetadataUrl>
      <inspire_common:SupportedLanguages>
        <inspire_common:DefaultLanguage>
          <inspire_common:Language>ger</inspire_common:Language>
        </inspire_common:DefaultLanguage>
      </inspire_common:SupportedLanguages>
      <inspire_common:ResponseLanguage>
        <inspire_common:Language>ger</inspire_common:Language>
      </inspire_common:ResponseLanguage>
      <!-- TODO unclear is this is still required since the TG defines that
        PD and DA DLS should provide a single dataset. And the dataset reference is defined in DatasetMetadata -->
      <inspire_dls:SpatialDataSetIdentifier>
        <inspire_common:Code>eea97fc0-8291-11e1-afa6-0800200c9a66</inspire_common:Code>
      </inspire_dls:SpatialDataSetIdentifier>
    </inspire_dls:ExtendedCapabilities>
  </ExtendedCapabilities>

</deegreeServicesMetadata>