<?xml version="1.0" encoding="UTF-8"?>
<deegreeWFS configVersion="3.2.0" xmlns="http://www.deegree.org/services/wfs"
            xmlns:xsi="http://www.w3.org/2001/XMLSchema-instance"
            xsi:schemaLocation="http://www.deegree.org/services/wfs http://schemas.deegree.org/services/wfs/3.2.0/wfs_configuration.xsd">

    <!-- SupportedVersions [0...1]: Activated OGC protocol versions, default: activate all implemented versions -->
    <SupportedVersions>
        <Version>1.1.0</Version>
        <Version>2.0.0</Version>
    </SupportedVersions>

    <FeatureStoreId>ps_canonical3_3</FeatureStoreId>

    <!-- EnableTransactions [0...1]: Enable transactions (WFS-T operations), default: disabled -->
    <EnableTransactions>true</EnableTransactions>

    <!-- DisableResponseBuffering [0...1]: Disable response buffering (setting to false allows rollback for generating clean
      exception reports, but hinders streaming), default: true -->
    <DisableResponseBuffering>true</DisableResponseBuffering>

    <!-- QueryCRS [1...n]: Announced CRS, first element is the default CRS -->
    <QueryCRS>EPSG:4326</QueryCRS>
    <QueryCRS>EPSG:4258</QueryCRS>

    <!-- [0...n] Output / input format configuration, if omitted GML 2.1, 3.0, 3.1, 3.2 are available -->
    <GMLFormat gmlVersion="GML_32">

        <!-- [1...n] Mime type handled by this format (and announced in GetCapabilities) -->
        <MimeType>text/xml; subtype=gml/3.2.1</MimeType>

        <!-- [0...1] Generate gml:boundedBy property for features, if not already present (default: false). NOTE: This does not
          affect gml:boundedBy for response feature collections (see DisableStreaming for that). -->
        <GenerateBoundedByForFeatures>false</GenerateBoundedByForFeatures>

        <!-- [0...1] Customization of GetFeature responses -->
        <GetFeatureResponse xmlns:gml="http://www.opengis.net/gml/3.2">

            <!-- [0...1] Qualified root element name -->
            <ContainerElement>gml:FeatureCollection</ContainerElement>

            <!-- [0...1] Qualified feature member element name -->
            <FeatureMemberElement>gml:featureMember</FeatureMemberElement>

            <!-- [0...1] Value to add to xsi:schemaLocation attribute (to declare non-standard container elements) -->
            <AdditionalSchemaLocation>&gt;http://www.opengis.net/gml/3.2 http://schemas.opengis.net/gml/3.2.1/deprecatedTypes.xsd</AdditionalSchemaLocation>

            <!-- [0...1] Disable output streaming, include numberOfFeature information / gml:boundedBy -->
            <DisableStreaming>false</DisableStreaming>

        </GetFeatureResponse>

    </GMLFormat>

</deegreeWFS>