<?xml version="1.0" encoding="UTF-8"?>
<GetFeature version="2.0.0" service="WFS" xmlns="http://www.opengis.net/wfs/2.0" xmlns:ps="http://inspire.ec.europa.eu/schemas/ps/4.0"
	xmlns:gml="http://www.opengis.net/gml" xmlns:ogc="http://www.opengis.net/ogc" xmlns:xsi="http://www.w3.org/2001/XMLSchema-instance"
	xmlns:fes="http://www.opengis.net/fes/2.0"
			xsi:schemaLocation="http://www.opengis.net/wfs/2.0 http://schemas.opengis.net/wfs/2.0/wfs.xsd" count="10">
	<Query typeNames="ps:ProtectedSite">
		<fes:Filter>
			<fes:BBOX>
				<fes:ValueReference>ps:geometry</fes:ValueReference>
				<gml:Envelope srsName="urn:ogc:def:crs:EPSG::4326">
					<gml:lowerCorner>51.3590621948 11.2687196732</gml:lowerCorner>
					<gml:upperCorner>53.5591201782 14.765748024</gml:upperCorner>
				</gml:Envelope>
			</fes:BBOX>
		</fes:Filter>
	</Query>
</GetFeature>