<?xml version="1.0" encoding="UTF-8"?>
<wfs:GetFeature service="WFS" version="2.0.0"
	xmlns:ps="http://inspire.ec.europa.eu/schemas/ps/4.0"
	xmlns:wfs="http://www.opengis.net/wfs/2.0" xmlns:fes="http://www.opengis.net/fes/2.0"
	xmlns:xsi="http://www.w3.org/2001/XMLSchema-instance"
	xsi:schemaLocation="http://www.opengis.net/wfs/2.0 http://schemas.opengis.net/wfs/2.0/wfs.xsd
http://www.opengis.net/fes/2.0 http://schemas.opengis.net/filter/2.0/filter.xsd" count="10">
	<wfs:Query typeNames="ps:ProtectedSite">
		<fes:Filter>
			<fes:PropertyIsEqualTo>
				<fes:ValueReference>ps:siteDesignation/ps:DesignationType/ps:designation</fes:ValueReference>
				<fes:Literal>special protection area</fes:Literal>
			</fes:PropertyIsEqualTo>
		</fes:Filter>
	</wfs:Query>
</wfs:GetFeature>
