<StoredQueryDefinition id="urn:x-inspire:query:GetCadastralParcelsByBBox" xmlns="http://www.opengis.net/wfs/2.0"
  xmlns:gml="http://www.opengis.net/gml" xmlns:xs="http://www.w3.org/2001/XMLSchema" xmlns:cp="http://inspire.ec.europa.eu/schemas/cp/4.0">
  <Title>GetCadastralParcelsByBBox</Title>
  <Abstract>Returns the cp:CadastralParcel features in the predefined bbox.</Abstract>
  <Parameter name="xmin" type="xs:string">
    <Abstract>minimaler X-Wert (mandatory)</Abstract>
  </Parameter>
  <Parameter name="ymin" type="xs:string">
    <Abstract>minimaler Y-Wert (mandatory)</Abstract>
  </Parameter>
  <Parameter name="xmax" type="xs:string">
    <Abstract>maximaler X-Wert (mandatory)</Abstract>
  </Parameter>
  <Parameter name="ymax" type="xs:string">
    <Abstract>maximaler Y-Wert (mandatory)</Abstract>
  </Parameter>
  <Parameter name="crs" type="xs:string">
    <Abstract>Koordinatensystem (mandatory)</Abstract>
  </Parameter>
  <QueryExpressionText returnFeatureTypes="cp:CadastralParcel" language="urn:ogc:def:queryLanguage:OGC-:WFSQueryExpression">
    <Query typeNames="cp:CadastralParcel">
      <Filter xmlns="http://www.opengis.net/fes/2.0">
        <BBOX>
          <ValueReference>cp:geometry</ValueReference>
          <gml:Envelope srsName="${crs}">
            <gml:lowerCorner>${xmin} ${ymin}</gml:lowerCorner>
            <gml:upperCorner>${xmax} ${ymax}</gml:upperCorner>
          </gml:Envelope>
        </BBOX>
      </Filter>
    </Query>
  </QueryExpressionText>
</StoredQueryDefinition>