<StoredQueryDefinition id="urn:x-inspire:query:GetCadastralParcelsByLabel"
                       xmlns="http://www.opengis.net/wfs/2.0"
  xmlns:xs="http://www.w3.org/2001/XMLSchema" xmlns:cp="http://inspire.ec.europa.eu/schemas/cp/4.0">
  <Title>GetCadastralParcelsByLabel</Title>
  <Abstract>Returns the cp:CadastralParcel features by the label.</Abstract>
  <Parameter name="label" type="xs:string">
    <Abstract>Label (mandatory)</Abstract>
  </Parameter>
  <QueryExpressionText returnFeatureTypes="cp:CadastralParcel" language="urn:ogc:def:queryLanguage:OGC-:WFSQueryExpression">
    <Query typeNames="cp:CadastralParcel">
      <Filter xmlns="http://www.opengis.net/fes/2.0">
        <PropertyIsEqualTo>
          <ValueReference>cp:label</ValueReference>
          <Literal>${label}</Literal>
        </PropertyIsEqualTo>
      </Filter>
    </Query>
  </QueryExpressionText>
</StoredQueryDefinition>